{"ah": "fonemas/phoneme_ah.wav", "oh": "fonemas/phoneme_oh.wav", "ca": "fonemas/phoneme_ca.wav", "co": "fonemas/phoneme_co.wav", "de": "fonemas/phoneme_de.wav", "do": "fonemas/phoneme_do.wav", "em": "fonemas/phoneme_em.wav", "eu": "fonemas/phoneme_eu.wav", "ma": "fonemas/phoneme_ma.wav", "mo": "fonemas/phoneme_mo.wav", "pa": "fonemas/phoneme_pa.wav", "to": "fonemas/phoneme_to.wav", "um": "fonemas/phoneme_um.wav", "ra": "fonemas/phoneme_ra.wav", "ro": "fonemas/phoneme_ro.wav", "rah": "fonemas/phoneme_rah.wav", "meu": "fonemas/phoneme_meu.wav", "rao": "fonemas/phoneme_rao.wav", "rei": "fonemas/phoneme_rei.wav", "rou": "fonemas/phoneme_rou.wav"}